{
  "01_Data base documents/03_OIB Richtlinien/2023/3_AT_0_0_OIB_OIB-Richtlinie 3 Hygiene, Gesundheit und Umweltschutz Ausgabe Mai 2023_OIB-330.3-011_23.pdf": {
    "size": 1012020,
    "modified": 1762859444.618037,
    "hash": "d59b0cbf09104984fcf3b748a7497c97"
  },
  "01_Data base documents/03_OIB Richtlinien/2023/3_AT_0_0_OIB_OIB-Richtlinie 4 Nutzungssicherheit und Barrierefreiheit Ausgabe Mai 2023_OIB-330.4-026_23.pdf": {
    "size": 1125128,
    "modified": 1762859444.636202,
    "hash": "5831c928553cd47d24a93093e226e972"
  },
  "01_Data base documents/04_ÖNORM/4_AT_0_0_OEN_B 1600 Barrierefreies Bauen.pdf": {
    "size": 12478395,
    "modified": 1762859444.7919762,
    "hash": "4e75d7301b7b1d52adc4e2f39f975e3e"
  },
  "01_Data base documents/01-02_Bundesländer- Gesetze und Verordnungen/01.Wien/2_AT_W_W_VE_Gesamte Rechtsvorschrift für Wiener Bautechnikverordnung 2023 - WBTV 2023_LGBl. Nr. 14_2024.pdf": {
    "size": 74308475,
    "modified": 1762859444.2385955,
    "hash": "bd0e12c6d7b8547a77054fbcfddd3bf2"
  },
  "01_Data base documents/01-02_Bundesländer- Gesetze und Verordnungen/04. OBERÖSTERREICH/2_AT_OOE_0_VE_Bautechnikverordnung 2013 – BauTV 2013_LGBl.Nr. 36_2013.pdf": {
    "size": 254666,
    "modified": 1762859444.2786167,
    "hash": "10bdb0ca6d2e67c77529922301a4e464"
  },
  "01_Data base documents/03_OIB Richtlinien/2023/3_AT_0_0_OIB_Erläuternde Bemerkungen zu OIB-Richtlinie 3 Hygiene, Gesundheit und Umweltschutz Ausgabe Mai 2023_OIB-330.3-012_23.pdf": {
    "size": 2655734,
    "modified": 1762859444.5048819,
    "hash": "3160ab1e3ec56a64cc7e760504db3d16"
  }
}